ParticipantID,TrialNumber,Condition,RealismLikert_1to7,VisualHapticCongruence_YesNo,Notes
P01,1,MediumVisual_LightHaptic,5,YES,
P01,2,HeavyVisual_LightHaptic,4,NO,
P01,3,HeavyVisual_MediumHaptic,4,NO,
P01,4,MediumVisual_MediumHaptic,7,YES,
P01,5,HeavyVisual_HeavyHaptic,6,YES,
P01,6,LightVisual_HeavyHaptic,2,NO,
P01,7,MediumVisual_HeavyHaptic,4,NO,
P01,8,LightVisual_LightHaptic,7,YES,
P01,9,LightVisual_MediumHaptic,4,NO,
P01,10,HeavyVisual_MediumHaptic,5,NO,
P01,11,LightVisual_HeavyHaptic,4,NO,
P01,12,MediumVisual_HeavyHaptic,4,NO,
P01,13,HeavyVisual_LightHaptic,1,NO,
P01,14,LightVisual_LightHaptic,7,YES,
P01,15,MediumVisual_LightHaptic,4,NO,
P01,16,MediumVisual_MediumHaptic,5,YES,
P01,17,LightVisual_MediumHaptic,4,NO,
P01,18,HeavyVisual_HeavyHaptic,6,YES,
P01,19,LightVisual_HeavyHaptic,2,NO,
P01,20,MediumVisual_HeavyHaptic,6,NO,
P01,21,HeavyVisual_MediumHaptic,3,YES,
P01,22,HeavyVisual_HeavyHaptic,7,YES,
P01,23,HeavyVisual_LightHaptic,2,NO,
P01,24,LightVisual_MediumHaptic,3,NO,
P01,25,MediumVisual_MediumHaptic,5,YES,
P01,26,LightVisual_LightHaptic,6,YES,
P01,27,MediumVisual_LightHaptic,5,YES,
P01,28,HeavyVisual_HeavyHaptic,5,YES,
P01,29,HeavyVisual_MediumHaptic,4,NO,
P01,30,MediumVisual_HeavyHaptic,3,NO,
P01,31,LightVisual_HeavyHaptic,1,NO,
P01,32,MediumVisual_LightHaptic,3,YES,
P01,33,LightVisual_MediumHaptic,2,NO,
P01,34,HeavyVisual_LightHaptic,2,NO,
P01,35,LightVisual_LightHaptic,6,YES,
P01,36,MediumVisual_MediumHaptic,7,YES,
P02,1,HeavyVisual_LightHaptic,3,NO,
P02,2,LightVisual_MediumHaptic,3,YES,
P02,3,MediumVisual_LightHaptic,6,YES,
P02,4,LightVisual_HeavyHaptic,1,NO,
P02,5,MediumVisual_HeavyHaptic,6,NO,
P02,6,LightVisual_LightHaptic,7,YES,
P02,7,HeavyVisual_HeavyHaptic,6,YES,
P02,8,MediumVisual_MediumHaptic,6,YES,
P02,9,HeavyVisual_MediumHaptic,4,NO,
P02,10,HeavyVisual_MediumHaptic,5,NO,
P02,11,MediumVisual_HeavyHaptic,4,NO,
P02,12,LightVisual_HeavyHaptic,3,NO,
P02,13,LightVisual_LightHaptic,6,YES,
P02,14,HeavyVisual_LightHaptic,3,NO,
P02,15,HeavyVisual_HeavyHaptic,6,YES,
P02,16,MediumVisual_LightHaptic,5,NO,
P02,17,MediumVisual_MediumHaptic,7,YES,
P02,18,LightVisual_MediumHaptic,5,NO,
P02,19,HeavyVisual_LightHaptic,2,NO,
P02,20,MediumVisual_LightHaptic,4,NO,
P02,21,MediumVisual_HeavyHaptic,4,NO,
P02,22,LightVisual_MediumHaptic,4,NO,
P02,23,HeavyVisual_MediumHaptic,3,NO,
P02,24,LightVisual_LightHaptic,6,YES,
P02,25,MediumVisual_MediumHaptic,7,YES,
P02,26,LightVisual_HeavyHaptic,2,NO,
P02,27,HeavyVisual_HeavyHaptic,6,NO,
P02,28,MediumVisual_HeavyHaptic,3,YES,
P02,29,LightVisual_MediumHaptic,3,NO,
P02,30,HeavyVisual_LightHaptic,2,NO,
P02,31,HeavyVisual_MediumHaptic,4,NO,
P02,32,MediumVisual_LightHaptic,5,NO,
P02,33,HeavyVisual_HeavyHaptic,6,YES,
P02,34,MediumVisual_MediumHaptic,7,YES,
P02,35,LightVisual_LightHaptic,6,NO,
P02,36,LightVisual_HeavyHaptic,2,NO,
P03,1,LightVisual_HeavyHaptic,3,NO,
P03,2,HeavyVisual_LightHaptic,2,NO,
P03,3,LightVisual_LightHaptic,5,YES,
P03,4,MediumVisual_MediumHaptic,7,YES,
P03,5,MediumVisual_HeavyHaptic,5,NO,
P03,6,HeavyVisual_MediumHaptic,4,NO,
P03,7,HeavyVisual_HeavyHaptic,6,YES,
P03,8,MediumVisual_LightHaptic,5,NO,
P03,9,LightVisual_MediumHaptic,4,NO,
P03,10,MediumVisual_HeavyHaptic,5,NO,
P03,11,MediumVisual_MediumHaptic,7,YES,
P03,12,LightVisual_MediumHaptic,3,NO,
P03,13,HeavyVisual_MediumHaptic,4,NO,
P03,14,HeavyVisual_LightHaptic,2,NO,
P03,15,HeavyVisual_HeavyHaptic,7,YES,
P03,16,MediumVisual_LightHaptic,5,NO,
P03,17,LightVisual_HeavyHaptic,2,NO,
P03,18,LightVisual_LightHaptic,7,YES,
P03,19,MediumVisual_LightHaptic,6,NO,
P03,20,MediumVisual_MediumHaptic,6,YES,
P03,21,LightVisual_LightHaptic,5,YES,
P03,22,MediumVisual_HeavyHaptic,3,NO,
P03,23,LightVisual_HeavyHaptic,2,NO,
P03,24,HeavyVisual_HeavyHaptic,7,YES,
P03,25,LightVisual_MediumHaptic,4,NO,
P03,26,HeavyVisual_MediumHaptic,5,NO,
P03,27,HeavyVisual_LightHaptic,2,NO,
P03,28,HeavyVisual_HeavyHaptic,5,YES,
P03,29,LightVisual_HeavyHaptic,3,NO,
P03,30,HeavyVisual_LightHaptic,2,YES,
P03,31,LightVisual_MediumHaptic,4,NO,
P03,32,MediumVisual_LightHaptic,4,NO,
P03,33,MediumVisual_MediumHaptic,5,YES,
P03,34,HeavyVisual_MediumHaptic,4,YES,
P03,35,LightVisual_LightHaptic,7,YES,
P03,36,MediumVisual_HeavyHaptic,3,YES,
P04,1,HeavyVisual_LightHaptic,2,NO,
P04,2,MediumVisual_MediumHaptic,7,YES,
P04,3,HeavyVisual_HeavyHaptic,7,YES,
P04,4,HeavyVisual_MediumHaptic,4,NO,
P04,5,LightVisual_LightHaptic,7,YES,
P04,6,LightVisual_MediumHaptic,6,NO,
P04,7,MediumVisual_LightHaptic,6,NO,
P04,8,LightVisual_HeavyHaptic,3,NO,
P04,9,MediumVisual_HeavyHaptic,4,NO,
P04,10,MediumVisual_MediumHaptic,5,YES,
P04,11,HeavyVisual_LightHaptic,3,NO,
P04,12,HeavyVisual_MediumHaptic,4,NO,
P04,13,LightVisual_HeavyHaptic,3,NO,
P04,14,LightVisual_LightHaptic,6,YES,
P04,15,LightVisual_MediumHaptic,2,YES,
P04,16,HeavyVisual_HeavyHaptic,7,YES,
P04,17,MediumVisual_LightHaptic,4,NO,
P04,18,MediumVisual_HeavyHaptic,4,NO,
P04,19,MediumVisual_MediumHaptic,6,YES,
P04,20,HeavyVisual_HeavyHaptic,5,YES,
P04,21,LightVisual_LightHaptic,6,YES,
P04,22,HeavyVisual_MediumHaptic,5,NO,
P04,23,MediumVisual_HeavyHaptic,3,YES,
P04,24,LightVisual_MediumHaptic,3,NO,
P04,25,HeavyVisual_LightHaptic,1,NO,
P04,26,MediumVisual_LightHaptic,4,NO,
P04,27,LightVisual_HeavyHaptic,2,NO,
P04,28,MediumVisual_MediumHaptic,6,YES,
P04,29,MediumVisual_LightHaptic,4,NO,
P04,30,LightVisual_LightHaptic,6,YES,
P04,31,LightVisual_HeavyHaptic,2,NO,
P04,32,LightVisual_MediumHaptic,3,NO,
P04,33,HeavyVisual_HeavyHaptic,5,YES,
P04,34,HeavyVisual_MediumHaptic,3,NO,
P04,35,HeavyVisual_LightHaptic,1,NO,
P04,36,MediumVisual_HeavyHaptic,4,NO,
P05,1,HeavyVisual_HeavyHaptic,7,YES,
P05,2,MediumVisual_LightHaptic,6,YES,
P05,3,LightVisual_LightHaptic,6,YES,
P05,4,LightVisual_HeavyHaptic,4,NO,
P05,5,HeavyVisual_LightHaptic,1,NO,
P05,6,MediumVisual_HeavyHaptic,2,NO,
P05,7,HeavyVisual_MediumHaptic,5,NO,
P05,8,MediumVisual_MediumHaptic,6,YES,
P05,9,LightVisual_MediumHaptic,5,NO,
P05,10,HeavyVisual_HeavyHaptic,6,YES,
P05,11,LightVisual_HeavyHaptic,2,NO,
P05,12,HeavyVisual_MediumHaptic,4,NO,
P05,13,LightVisual_LightHaptic,6,YES,
P05,14,MediumVisual_HeavyHaptic,3,NO,
P05,15,LightVisual_MediumHaptic,5,NO,
P05,16,HeavyVisual_LightHaptic,2,NO,
P05,17,MediumVisual_LightHaptic,4,NO,
P05,18,MediumVisual_MediumHaptic,6,YES,
P05,19,LightVisual_LightHaptic,6,YES,
P05,20,MediumVisual_HeavyHaptic,4,NO,
P05,21,LightVisual_HeavyHaptic,2,NO,
P05,22,HeavyVisual_HeavyHaptic,6,YES,
P05,23,MediumVisual_MediumHaptic,5,YES,
P05,24,HeavyVisual_LightHaptic,1,NO,
P05,25,MediumVisual_LightHaptic,4,NO,
P05,26,LightVisual_MediumHaptic,4,NO,
P05,27,HeavyVisual_MediumHaptic,5,NO,
P05,28,LightVisual_HeavyHaptic,1,NO,
P05,29,MediumVisual_LightHaptic,3,NO,
P05,30,MediumVisual_HeavyHaptic,4,NO,
P05,31,MediumVisual_MediumHaptic,6,YES,
P05,32,LightVisual_LightHaptic,6,YES,
P05,33,HeavyVisual_HeavyHaptic,6,YES,
P05,34,LightVisual_MediumHaptic,4,YES,
P05,35,HeavyVisual_LightHaptic,2,NO,
P05,36,HeavyVisual_MediumHaptic,4,NO,
P06,1,MediumVisual_MediumHaptic,7,YES,
P06,2,LightVisual_HeavyHaptic,2,NO,
P06,3,HeavyVisual_HeavyHaptic,7,YES,
P06,4,HeavyVisual_LightHaptic,4,NO,
P06,5,HeavyVisual_MediumHaptic,4,NO,
P06,6,MediumVisual_LightHaptic,5,NO,
P06,7,MediumVisual_HeavyHaptic,4,NO,
P06,8,LightVisual_MediumHaptic,4,NO,
P06,9,LightVisual_LightHaptic,7,YES,
P06,10,LightVisual_LightHaptic,6,YES,
P06,11,HeavyVisual_HeavyHaptic,7,YES,
P06,12,MediumVisual_HeavyHaptic,4,NO,
P06,13,HeavyVisual_MediumHaptic,4,NO,
P06,14,MediumVisual_LightHaptic,5,NO,
P06,15,LightVisual_MediumHaptic,5,NO,
P06,16,LightVisual_HeavyHaptic,1,YES,
P06,17,HeavyVisual_LightHaptic,1,NO,
P06,18,MediumVisual_MediumHaptic,6,YES,
P06,19,LightVisual_MediumHaptic,5,NO,
P06,20,HeavyVisual_HeavyHaptic,6,YES,
P06,21,HeavyVisual_MediumHaptic,3,NO,
P06,22,MediumVisual_HeavyHaptic,5,NO,
P06,23,MediumVisual_LightHaptic,4,NO,
P06,24,LightVisual_LightHaptic,7,YES,
P06,25,LightVisual_HeavyHaptic,3,NO,
P06,26,HeavyVisual_LightHaptic,1,NO,
P06,27,MediumVisual_MediumHaptic,6,YES,
P06,28,LightVisual_MediumHaptic,4,NO,
P06,29,LightVisual_HeavyHaptic,2,NO,
P06,30,HeavyVisual_MediumHaptic,5,NO,
P06,31,MediumVisual_MediumHaptic,6,YES,
P06,32,HeavyVisual_LightHaptic,1,NO,
P06,33,LightVisual_LightHaptic,5,YES,
P06,34,HeavyVisual_HeavyHaptic,6,YES,
P06,35,MediumVisual_LightHaptic,2,NO,
P06,36,MediumVisual_HeavyHaptic,3,NO,
P07,1,HeavyVisual_LightHaptic,3,NO,
P07,2,LightVisual_LightHaptic,7,YES,
P07,3,LightVisual_HeavyHaptic,3,NO,
P07,4,MediumVisual_MediumHaptic,6,YES,
P07,5,HeavyVisual_HeavyHaptic,6,YES,
P07,6,MediumVisual_HeavyHaptic,5,NO,
P07,7,HeavyVisual_MediumHaptic,6,NO,
P07,8,LightVisual_MediumHaptic,4,NO,
P07,9,MediumVisual_LightHaptic,4,YES,
P07,10,HeavyVisual_LightHaptic,3,YES,
P07,11,LightVisual_MediumHaptic,5,NO,
P07,12,MediumVisual_MediumHaptic,6,YES,
P07,13,LightVisual_HeavyHaptic,2,YES,
P07,14,MediumVisual_HeavyHaptic,4,NO,
P07,15,LightVisual_LightHaptic,6,NO,
P07,16,MediumVisual_LightHaptic,4,NO,
P07,17,HeavyVisual_HeavyHaptic,6,YES,
P07,18,HeavyVisual_MediumHaptic,4,NO,
P07,19,LightVisual_LightHaptic,5,YES,
P07,20,LightVisual_MediumHaptic,4,NO,
P07,21,HeavyVisual_LightHaptic,2,NO,
P07,22,HeavyVisual_HeavyHaptic,6,YES,
P07,23,LightVisual_HeavyHaptic,1,NO,
P07,24,HeavyVisual_MediumHaptic,5,NO,
P07,25,MediumVisual_HeavyHaptic,3,NO,
P07,26,MediumVisual_MediumHaptic,7,YES,
P07,27,MediumVisual_LightHaptic,3,YES,
P07,28,LightVisual_LightHaptic,6,NO,
P07,29,MediumVisual_MediumHaptic,7,YES,
P07,30,LightVisual_MediumHaptic,5,NO,
P07,31,HeavyVisual_HeavyHaptic,6,YES,
P07,32,MediumVisual_LightHaptic,4,NO,
P07,33,HeavyVisual_MediumHaptic,3,NO,
P07,34,LightVisual_HeavyHaptic,2,YES,
P07,35,MediumVisual_HeavyHaptic,4,NO,
P07,36,HeavyVisual_LightHaptic,2,NO,
P08,1,LightVisual_HeavyHaptic,1,NO,
P08,2,LightVisual_LightHaptic,6,YES,
P08,3,HeavyVisual_HeavyHaptic,7,YES,
P08,4,LightVisual_MediumHaptic,5,NO,
P08,5,HeavyVisual_MediumHaptic,4,NO,
P08,6,MediumVisual_HeavyHaptic,4,NO,
P08,7,HeavyVisual_LightHaptic,1,NO,
P08,8,MediumVisual_MediumHaptic,6,YES,
P08,9,MediumVisual_LightHaptic,4,NO,
P08,10,HeavyVisual_MediumHaptic,5,NO,
P08,11,MediumVisual_MediumHaptic,7,YES,
P08,12,LightVisual_LightHaptic,5,YES,
P08,13,HeavyVisual_LightHaptic,2,NO,
P08,14,LightVisual_HeavyHaptic,3,NO,
P08,15,LightVisual_MediumHaptic,3,NO,
P08,16,MediumVisual_HeavyHaptic,4,NO,
P08,17,MediumVisual_LightHaptic,4,NO,
P08,18,HeavyVisual_HeavyHaptic,6,YES,
P08,19,MediumVisual_LightHaptic,4,NO,
P08,20,LightVisual_LightHaptic,5,YES,
P08,21,LightVisual_MediumHaptic,5,YES,
P08,22,HeavyVisual_HeavyHaptic,6,YES,
P08,23,HeavyVisual_LightHaptic,1,NO,
P08,24,MediumVisual_HeavyHaptic,3,YES,
P08,25,HeavyVisual_MediumHaptic,4,NO,
P08,26,MediumVisual_MediumHaptic,6,YES,
P08,27,LightVisual_HeavyHaptic,2,NO,
P08,28,HeavyVisual_HeavyHaptic,6,YES,
P08,29,LightVisual_LightHaptic,6,YES,
P08,30,LightVisual_MediumHaptic,3,NO,
P08,31,HeavyVisual_LightHaptic,2,NO,
P08,32,LightVisual_HeavyHaptic,3,NO,
P08,33,MediumVisual_LightHaptic,4,NO,
P08,34,MediumVisual_HeavyHaptic,3,NO,
P08,35,MediumVisual_MediumHaptic,6,YES,
P08,36,HeavyVisual_MediumHaptic,3,NO,
P09,1,HeavyVisual_HeavyHaptic,7,YES,
P09,2,HeavyVisual_LightHaptic,3,NO,
P09,3,LightVisual_LightHaptic,6,YES,
P09,4,MediumVisual_HeavyHaptic,5,NO,
P09,5,MediumVisual_MediumHaptic,6,YES,
P09,6,LightVisual_MediumHaptic,4,NO,
P09,7,MediumVisual_LightHaptic,5,NO,
P09,8,LightVisual_HeavyHaptic,1,NO,
P09,9,HeavyVisual_MediumHaptic,3,NO,
P09,10,MediumVisual_LightHaptic,5,NO,
P09,11,HeavyVisual_MediumHaptic,5,NO,
P09,12,LightVisual_MediumHaptic,5,NO,
P09,13,LightVisual_LightHaptic,6,YES,
P09,14,LightVisual_HeavyHaptic,1,NO,
P09,15,MediumVisual_MediumHaptic,7,YES,
P09,16,HeavyVisual_HeavyHaptic,6,YES,
P09,17,MediumVisual_HeavyHaptic,4,YES,
P09,18,HeavyVisual_LightHaptic,1,NO,
P09,19,LightVisual_LightHaptic,5,NO,
P09,20,MediumVisual_HeavyHaptic,3,NO,
P09,21,LightVisual_MediumHaptic,4,NO,
P09,22,HeavyVisual_HeavyHaptic,6,YES,
P09,23,HeavyVisual_LightHaptic,1,NO,
P09,24,MediumVisual_MediumHaptic,6,YES,
P09,25,MediumVisual_LightHaptic,4,NO,
P09,26,LightVisual_HeavyHaptic,1,NO,
P09,27,HeavyVisual_MediumHaptic,3,NO,
P09,28,LightVisual_HeavyHaptic,2,NO,
P09,29,MediumVisual_MediumHaptic,7,YES,
P09,30,LightVisual_LightHaptic,6,YES,
P09,31,MediumVisual_LightHaptic,4,NO,
P09,32,HeavyVisual_HeavyHaptic,6,YES,
P09,33,LightVisual_MediumHaptic,4,NO,
P09,34,HeavyVisual_LightHaptic,2,NO,
P09,35,MediumVisual_HeavyHaptic,4,NO,
P09,36,HeavyVisual_MediumHaptic,3,NO,
P10,1,HeavyVisual_HeavyHaptic,6,YES,
P10,2,LightVisual_MediumHaptic,4,NO,
P10,3,LightVisual_LightHaptic,7,YES,
P10,4,HeavyVisual_MediumHaptic,3,NO,
P10,5,MediumVisual_LightHaptic,4,NO,
P10,6,LightVisual_HeavyHaptic,3,NO,
P10,7,MediumVisual_HeavyHaptic,5,NO,
P10,8,HeavyVisual_LightHaptic,3,NO,
P10,9,MediumVisual_MediumHaptic,7,NO,
P10,10,LightVisual_LightHaptic,7,YES,
P10,11,HeavyVisual_LightHaptic,3,NO,
P10,12,MediumVisual_HeavyHaptic,3,NO,
P10,13,LightVisual_HeavyHaptic,1,NO,
P10,14,MediumVisual_MediumHaptic,6,YES,
P10,15,MediumVisual_LightHaptic,6,YES,
P10,16,HeavyVisual_HeavyHaptic,7,NO,
P10,17,LightVisual_MediumHaptic,5,NO,
P10,18,HeavyVisual_MediumHaptic,3,NO,
P10,19,LightVisual_MediumHaptic,4,NO,
P10,20,HeavyVisual_HeavyHaptic,6,YES,
P10,21,HeavyVisual_MediumHaptic,3,NO,
P10,22,LightVisual_HeavyHaptic,2,NO,
P10,23,MediumVisual_LightHaptic,3,NO,
P10,24,MediumVisual_HeavyHaptic,3,YES,
P10,25,HeavyVisual_LightHaptic,2,NO,
P10,26,LightVisual_LightHaptic,6,YES,
P10,27,MediumVisual_MediumHaptic,6,YES,
P10,28,MediumVisual_HeavyHaptic,4,NO,
P10,29,MediumVisual_LightHaptic,4,NO,
P10,30,LightVisual_LightHaptic,6,YES,
P10,31,LightVisual_HeavyHaptic,2,NO,
P10,32,HeavyVisual_HeavyHaptic,6,YES,
P10,33,LightVisual_MediumHaptic,4,NO,
P10,34,HeavyVisual_LightHaptic,2,NO,
P10,35,MediumVisual_MediumHaptic,6,YES,
P10,36,HeavyVisual_MediumHaptic,2,NO,
P11,1,HeavyVisual_HeavyHaptic,6,YES,
P11,2,HeavyVisual_MediumHaptic,5,YES,
P11,3,LightVisual_MediumHaptic,4,NO,
P11,4,MediumVisual_MediumHaptic,6,YES,
P11,5,MediumVisual_LightHaptic,4,NO,
P11,6,LightVisual_LightHaptic,7,YES,
P11,7,MediumVisual_HeavyHaptic,5,YES,
P11,8,HeavyVisual_LightHaptic,2,NO,
P11,9,LightVisual_HeavyHaptic,3,YES,
P11,10,HeavyVisual_HeavyHaptic,7,YES,
P11,11,MediumVisual_MediumHaptic,6,YES,
P11,12,LightVisual_LightHaptic,6,YES,
P11,13,LightVisual_HeavyHaptic,3,NO,
P11,14,LightVisual_MediumHaptic,5,NO,
P11,15,HeavyVisual_LightHaptic,1,NO,
P11,16,HeavyVisual_MediumHaptic,4,YES,
P11,17,MediumVisual_LightHaptic,2,YES,
P11,18,MediumVisual_HeavyHaptic,4,NO,
P11,19,MediumVisual_MediumHaptic,7,YES,
P11,20,HeavyVisual_MediumHaptic,3,NO,
P11,21,HeavyVisual_LightHaptic,3,NO,
P11,22,LightVisual_MediumHaptic,4,NO,
P11,23,LightVisual_HeavyHaptic,1,NO,
P11,24,MediumVisual_LightHaptic,4,YES,
P11,25,LightVisual_LightHaptic,6,YES,
P11,26,MediumVisual_HeavyHaptic,4,NO,
P11,27,HeavyVisual_HeavyHaptic,5,NO,
P11,28,LightVisual_HeavyHaptic,2,NO,
P11,29,HeavyVisual_HeavyHaptic,5,YES,
P11,30,HeavyVisual_MediumHaptic,4,NO,
P11,31,LightVisual_LightHaptic,6,YES,
P11,32,MediumVisual_MediumHaptic,5,YES,
P11,33,HeavyVisual_LightHaptic,2,NO,
P11,34,MediumVisual_HeavyHaptic,5,NO,
P11,35,MediumVisual_LightHaptic,3,YES,
P11,36,LightVisual_MediumHaptic,4,NO,
P12,1,HeavyVisual_LightHaptic,3,NO,
P12,2,LightVisual_HeavyHaptic,3,NO,
P12,3,HeavyVisual_HeavyHaptic,6,YES,
P12,4,LightVisual_LightHaptic,6,YES,
P12,5,MediumVisual_LightHaptic,3,NO,
P12,6,HeavyVisual_MediumHaptic,5,NO,
P12,7,LightVisual_MediumHaptic,4,NO,
P12,8,MediumVisual_HeavyHaptic,3,NO,
P12,9,MediumVisual_MediumHaptic,6,YES,
P12,10,MediumVisual_LightHaptic,4,NO,
P12,11,HeavyVisual_MediumHaptic,5,NO,
P12,12,MediumVisual_MediumHaptic,6,YES,
P12,13,HeavyVisual_HeavyHaptic,6,YES,
P12,14,LightVisual_HeavyHaptic,2,NO,
P12,15,MediumVisual_HeavyHaptic,5,NO,
P12,16,LightVisual_LightHaptic,7,YES,
P12,17,HeavyVisual_LightHaptic,2,NO,
P12,18,LightVisual_MediumHaptic,5,NO,
P12,19,HeavyVisual_LightHaptic,1,NO,
P12,20,LightVisual_MediumHaptic,3,NO,
P12,21,MediumVisual_MediumHaptic,6,YES,
P12,22,LightVisual_HeavyHaptic,2,NO,
P12,23,MediumVisual_LightHaptic,3,NO,
P12,24,LightVisual_LightHaptic,6,YES,
P12,25,HeavyVisual_MediumHaptic,4,NO,
P12,26,MediumVisual_HeavyHaptic,4,NO,
P12,27,HeavyVisual_HeavyHaptic,5,YES,
P12,28,LightVisual_MediumHaptic,4,NO,
P12,29,MediumVisual_LightHaptic,4,NO,
P12,30,HeavyVisual_LightHaptic,2,NO,
P12,31,HeavyVisual_HeavyHaptic,6,YES,
P12,32,MediumVisual_HeavyHaptic,3,NO,
P12,33,LightVisual_HeavyHaptic,2,NO,
P12,34,HeavyVisual_MediumHaptic,4,NO,
P12,35,MediumVisual_MediumHaptic,5,YES,
P12,36,LightVisual_LightHaptic,5,YES,
P13,1,MediumVisual_MediumHaptic,7,YES,
P13,2,LightVisual_MediumHaptic,5,NO,
P13,3,MediumVisual_HeavyHaptic,5,NO,
P13,4,LightVisual_HeavyHaptic,2,NO,
P13,5,HeavyVisual_MediumHaptic,5,NO,
P13,6,MediumVisual_LightHaptic,5,NO,
P13,7,HeavyVisual_HeavyHaptic,7,YES,
P13,8,HeavyVisual_LightHaptic,3,NO,
P13,9,LightVisual_LightHaptic,6,YES,
P13,10,HeavyVisual_MediumHaptic,4,NO,
P13,11,MediumVisual_MediumHaptic,6,YES,
P13,12,LightVisual_MediumHaptic,3,NO,
P13,13,MediumVisual_HeavyHaptic,3,NO,
P13,14,MediumVisual_LightHaptic,6,NO,
P13,15,LightVisual_LightHaptic,5,YES,
P13,16,LightVisual_HeavyHaptic,2,NO,
P13,17,HeavyVisual_HeavyHaptic,6,YES,
P13,18,HeavyVisual_LightHaptic,2,YES,
P13,19,MediumVisual_MediumHaptic,6,YES,
P13,20,LightVisual_HeavyHaptic,3,NO,
P13,21,HeavyVisual_HeavyHaptic,7,YES,
P13,22,LightVisual_MediumHaptic,5,NO,
P13,23,HeavyVisual_LightHaptic,3,YES,
P13,24,MediumVisual_LightHaptic,4,NO,
P13,25,LightVisual_LightHaptic,6,YES,
P13,26,MediumVisual_HeavyHaptic,4,NO,
P13,27,HeavyVisual_MediumHaptic,5,NO,
P13,28,MediumVisual_MediumHaptic,6,YES,
P13,29,LightVisual_LightHaptic,6,YES,
P13,30,HeavyVisual_LightHaptic,2,YES,
P13,31,HeavyVisual_MediumHaptic,3,NO,
P13,32,MediumVisual_HeavyHaptic,1,NO,
P13,33,LightVisual_HeavyHaptic,1,NO,
P13,34,MediumVisual_LightHaptic,5,NO,
P13,35,LightVisual_MediumHaptic,4,NO,
P13,36,HeavyVisual_HeavyHaptic,6,YES,
P14,1,HeavyVisual_LightHaptic,3,NO,
P14,2,LightVisual_LightHaptic,6,YES,
P14,3,HeavyVisual_MediumHaptic,6,YES,
P14,4,LightVisual_HeavyHaptic,3,NO,
P14,5,MediumVisual_LightHaptic,5,YES,
P14,6,HeavyVisual_HeavyHaptic,5,YES,
P14,7,MediumVisual_MediumHaptic,6,YES,
P14,8,LightVisual_MediumHaptic,4,NO,
P14,9,MediumVisual_HeavyHaptic,5,NO,
P14,10,LightVisual_LightHaptic,5,YES,
P14,11,MediumVisual_LightHaptic,4,NO,
P14,12,HeavyVisual_LightHaptic,3,NO,
P14,13,LightVisual_HeavyHaptic,2,NO,
P14,14,HeavyVisual_MediumHaptic,4,NO,
P14,15,HeavyVisual_HeavyHaptic,6,YES,
P14,16,MediumVisual_MediumHaptic,6,YES,
P14,17,LightVisual_MediumHaptic,5,NO,
P14,18,MediumVisual_HeavyHaptic,3,NO,
P14,19,HeavyVisual_MediumHaptic,3,NO,
P14,20,MediumVisual_HeavyHaptic,4,NO,
P14,21,LightVisual_LightHaptic,7,YES,
P14,22,HeavyVisual_LightHaptic,2,NO,
P14,23,MediumVisual_LightHaptic,4,NO,
P14,24,MediumVisual_MediumHaptic,7,YES,
P14,25,HeavyVisual_HeavyHaptic,7,YES,
P14,26,LightVisual_MediumHaptic,5,NO,
P14,27,LightVisual_HeavyHaptic,2,NO,
P14,28,MediumVisual_MediumHaptic,5,YES,
P14,29,MediumVisual_LightHaptic,2,NO,
P14,30,HeavyVisual_HeavyHaptic,6,YES,
P14,31,LightVisual_MediumHaptic,4,YES,
P14,32,HeavyVisual_MediumHaptic,4,NO,
P14,33,LightVisual_HeavyHaptic,2,NO,
P14,34,LightVisual_LightHaptic,7,YES,
P14,35,MediumVisual_HeavyHaptic,5,NO,
P14,36,HeavyVisual_LightHaptic,1,NO,
P15,1,HeavyVisual_LightHaptic,2,YES,
P15,2,HeavyVisual_MediumHaptic,4,NO,
P15,3,MediumVisual_MediumHaptic,6,YES,
P15,4,MediumVisual_HeavyHaptic,4,NO,
P15,5,LightVisual_MediumHaptic,3,NO,
P15,6,MediumVisual_LightHaptic,6,NO,
P15,7,HeavyVisual_HeavyHaptic,6,YES,
P15,8,LightVisual_LightHaptic,6,YES,
P15,9,LightVisual_HeavyHaptic,2,NO,
P15,10,HeavyVisual_LightHaptic,3,NO,
P15,11,MediumVisual_MediumHaptic,7,YES,
P15,12,HeavyVisual_MediumHaptic,5,YES,
P15,13,MediumVisual_LightHaptic,3,YES,
P15,14,MediumVisual_HeavyHaptic,4,NO,
P15,15,HeavyVisual_HeavyHaptic,6,YES,
P15,16,LightVisual_HeavyHaptic,3,NO,
P15,17,LightVisual_LightHaptic,7,YES,
P15,18,LightVisual_MediumHaptic,4,YES,
P15,19,MediumVisual_HeavyHaptic,4,YES,
P15,20,HeavyVisual_MediumHaptic,2,NO,
P15,21,LightVisual_HeavyHaptic,2,NO,
P15,22,HeavyVisual_HeavyHaptic,5,YES,
P15,23,LightVisual_MediumHaptic,3,NO,
P15,24,HeavyVisual_LightHaptic,3,YES,
P15,25,LightVisual_LightHaptic,6,YES,
P15,26,MediumVisual_MediumHaptic,6,YES,
P15,27,MediumVisual_LightHaptic,4,NO,
P15,28,HeavyVisual_MediumHaptic,3,NO,
P15,29,MediumVisual_HeavyHaptic,3,NO,
P15,30,LightVisual_HeavyHaptic,2,NO,
P15,31,LightVisual_LightHaptic,6,YES,
P15,32,MediumVisual_MediumHaptic,7,YES,
P15,33,MediumVisual_LightHaptic,4,NO,
P15,34,HeavyVisual_LightHaptic,2,NO,
P15,35,HeavyVisual_HeavyHaptic,6,YES,
P15,36,LightVisual_MediumHaptic,4,YES,
P16,1,HeavyVisual_LightHaptic,2,NO,
P16,2,LightVisual_MediumHaptic,4,NO,
P16,3,LightVisual_LightHaptic,7,YES,
P16,4,HeavyVisual_HeavyHaptic,6,YES,
P16,5,HeavyVisual_MediumHaptic,4,YES,
P16,6,MediumVisual_LightHaptic,4,NO,
P16,7,LightVisual_HeavyHaptic,2,NO,
P16,8,MediumVisual_MediumHaptic,6,YES,
P16,9,MediumVisual_HeavyHaptic,4,NO,
P16,10,MediumVisual_MediumHaptic,7,YES,
P16,11,HeavyVisual_LightHaptic,3,NO,
P16,12,LightVisual_MediumHaptic,4,NO,
P16,13,MediumVisual_LightHaptic,3,NO,
P16,14,LightVisual_HeavyHaptic,3,NO,
P16,15,HeavyVisual_HeavyHaptic,6,YES,
P16,16,LightVisual_LightHaptic,5,YES,
P16,17,HeavyVisual_MediumHaptic,5,NO,
P16,18,MediumVisual_HeavyHaptic,5,NO,
P16,19,HeavyVisual_MediumHaptic,4,NO,
P16,20,MediumVisual_HeavyHaptic,2,NO,
P16,21,MediumVisual_LightHaptic,4,NO,
P16,22,LightVisual_LightHaptic,6,YES,
P16,23,HeavyVisual_HeavyHaptic,6,YES,
P16,24,MediumVisual_MediumHaptic,6,YES,
P16,25,LightVisual_HeavyHaptic,2,NO,
P16,26,HeavyVisual_LightHaptic,1,NO,
P16,27,LightVisual_MediumHaptic,3,NO,
P16,28,MediumVisual_LightHaptic,7,NO,
P16,29,HeavyVisual_LightHaptic,2,NO,
P16,30,MediumVisual_HeavyHaptic,2,NO,
P16,31,MediumVisual_MediumHaptic,5,YES,
P16,32,HeavyVisual_MediumHaptic,3,NO,
P16,33,LightVisual_MediumHaptic,5,NO,
P16,34,HeavyVisual_HeavyHaptic,5,YES,
P16,35,LightVisual_HeavyHaptic,3,NO,
P16,36,LightVisual_LightHaptic,6,YES,
P17,1,MediumVisual_MediumHaptic,7,YES,
P17,2,LightVisual_LightHaptic,6,YES,
P17,3,MediumVisual_LightHaptic,3,YES,
P17,4,HeavyVisual_LightHaptic,2,NO,
P17,5,MediumVisual_HeavyHaptic,3,NO,
P17,6,HeavyVisual_HeavyHaptic,6,YES,
P17,7,HeavyVisual_MediumHaptic,5,NO,
P17,8,LightVisual_HeavyHaptic,2,NO,
P17,9,LightVisual_MediumHaptic,5,NO,
P17,10,HeavyVisual_HeavyHaptic,7,YES,
P17,11,MediumVisual_LightHaptic,5,NO,
P17,12,HeavyVisual_MediumHaptic,6,NO,
P17,13,LightVisual_MediumHaptic,4,NO,
P17,14,LightVisual_HeavyHaptic,3,NO,
P17,15,LightVisual_LightHaptic,7,YES,
P17,16,HeavyVisual_LightHaptic,3,NO,
P17,17,MediumVisual_MediumHaptic,6,YES,
P17,18,MediumVisual_HeavyHaptic,4,NO,
P17,19,MediumVisual_LightHaptic,2,NO,
P17,20,MediumVisual_HeavyHaptic,5,NO,
P17,21,HeavyVisual_HeavyHaptic,7,YES,
P17,22,LightVisual_MediumHaptic,4,NO,
P17,23,LightVisual_LightHaptic,7,YES,
P17,24,HeavyVisual_LightHaptic,2,NO,
P17,25,HeavyVisual_MediumHaptic,5,NO,
P17,26,MediumVisual_MediumHaptic,6,YES,
P17,27,LightVisual_HeavyHaptic,2,NO,
P17,28,LightVisual_MediumHaptic,4,NO,
P17,29,HeavyVisual_HeavyHaptic,6,YES,
P17,30,MediumVisual_LightHaptic,3,YES,
P17,31,HeavyVisual_MediumHaptic,4,NO,
P17,32,LightVisual_LightHaptic,6,YES,
P17,33,MediumVisual_MediumHaptic,6,YES,
P17,34,HeavyVisual_LightHaptic,2,NO,
P17,35,MediumVisual_HeavyHaptic,3,NO,
P17,36,LightVisual_HeavyHaptic,2,NO,
P18,1,LightVisual_MediumHaptic,6,NO,
P18,2,LightVisual_HeavyHaptic,4,NO,
P18,3,MediumVisual_LightHaptic,4,NO,
P18,4,LightVisual_LightHaptic,7,YES,
P18,5,MediumVisual_HeavyHaptic,4,NO,
P18,6,HeavyVisual_MediumHaptic,6,NO,
P18,7,HeavyVisual_LightHaptic,3,NO,
P18,8,MediumVisual_MediumHaptic,6,YES,
P18,9,HeavyVisual_HeavyHaptic,6,YES,
P18,10,LightVisual_MediumHaptic,4,NO,
P18,11,MediumVisual_LightHaptic,5,NO,
P18,12,LightVisual_LightHaptic,5,YES,
P18,13,HeavyVisual_MediumHaptic,4,NO,
P18,14,MediumVisual_MediumHaptic,6,YES,
P18,15,LightVisual_HeavyHaptic,2,NO,
P18,16,HeavyVisual_HeavyHaptic,6,YES,
P18,17,MediumVisual_HeavyHaptic,5,YES,
P18,18,HeavyVisual_LightHaptic,2,NO,
P18,19,LightVisual_HeavyHaptic,3,NO,
P18,20,LightVisual_MediumHaptic,5,NO,
P18,21,MediumVisual_LightHaptic,6,NO,
P18,22,HeavyVisual_MediumHaptic,3,YES,
P18,23,MediumVisual_HeavyHaptic,4,NO,
P18,24,LightVisual_LightHaptic,6,YES,
P18,25,MediumVisual_MediumHaptic,5,YES,
P18,26,HeavyVisual_LightHaptic,2,NO,
P18,27,HeavyVisual_HeavyHaptic,6,YES,
P18,28,LightVisual_LightHaptic,6,YES,
P18,29,LightVisual_HeavyHaptic,1,NO,
P18,30,MediumVisual_LightHaptic,3,NO,
P18,31,HeavyVisual_LightHaptic,2,NO,
P18,32,MediumVisual_HeavyHaptic,5,NO,
P18,33,MediumVisual_MediumHaptic,6,YES,
P18,34,LightVisual_MediumHaptic,4,NO,
P18,35,HeavyVisual_HeavyHaptic,6,YES,
P18,36,HeavyVisual_MediumHaptic,4,NO,
P19,1,HeavyVisual_LightHaptic,3,NO,
P19,2,LightVisual_HeavyHaptic,3,NO,
P19,3,LightVisual_MediumHaptic,4,NO,
P19,4,MediumVisual_LightHaptic,4,NO,
P19,5,MediumVisual_HeavyHaptic,3,NO,
P19,6,HeavyVisual_MediumHaptic,5,NO,
P19,7,LightVisual_LightHaptic,7,YES,
P19,8,HeavyVisual_HeavyHaptic,7,YES,
P19,9,MediumVisual_MediumHaptic,7,YES,
P19,10,HeavyVisual_MediumHaptic,4,NO,
P19,11,MediumVisual_LightHaptic,4,NO,
P19,12,LightVisual_MediumHaptic,2,NO,
P19,13,MediumVisual_HeavyHaptic,5,NO,
P19,14,HeavyVisual_LightHaptic,2,NO,
P19,15,HeavyVisual_HeavyHaptic,6,YES,
P19,16,LightVisual_LightHaptic,7,NO,
P19,17,MediumVisual_MediumHaptic,7,YES,
P19,18,LightVisual_HeavyHaptic,1,NO,
P19,19,HeavyVisual_LightHaptic,4,NO,
P19,20,HeavyVisual_HeavyHaptic,7,NO,
P19,21,LightVisual_LightHaptic,5,YES,
P19,22,MediumVisual_HeavyHaptic,4,NO,
P19,23,LightVisual_HeavyHaptic,2,NO,
P19,24,MediumVisual_MediumHaptic,6,YES,
P19,25,LightVisual_MediumHaptic,3,NO,
P19,26,MediumVisual_LightHaptic,4,NO,
P19,27,HeavyVisual_MediumHaptic,4,NO,
P19,28,HeavyVisual_MediumHaptic,3,NO,
P19,29,HeavyVisual_LightHaptic,3,NO,
P19,30,LightVisual_HeavyHaptic,1,NO,
P19,31,LightVisual_MediumHaptic,5,NO,
P19,32,MediumVisual_MediumHaptic,6,YES,
P19,33,MediumVisual_HeavyHaptic,4,NO,
P19,34,LightVisual_LightHaptic,6,YES,
P19,35,HeavyVisual_HeavyHaptic,6,YES,
P19,36,MediumVisual_LightHaptic,2,NO,
P20,1,HeavyVisual_MediumHaptic,5,NO,
P20,2,MediumVisual_LightHaptic,3,NO,
P20,3,HeavyVisual_LightHaptic,2,NO,
P20,4,HeavyVisual_HeavyHaptic,6,YES,
P20,5,LightVisual_MediumHaptic,6,NO,
P20,6,LightVisual_HeavyHaptic,3,NO,
P20,7,MediumVisual_HeavyHaptic,4,NO,
P20,8,MediumVisual_MediumHaptic,6,YES,
P20,9,LightVisual_LightHaptic,6,YES,
P20,10,HeavyVisual_LightHaptic,1,NO,
P20,11,LightVisual_LightHaptic,6,YES,
P20,12,MediumVisual_HeavyHaptic,4,NO,
P20,13,LightVisual_HeavyHaptic,1,NO,
P20,14,HeavyVisual_HeavyHaptic,6,YES,
P20,15,MediumVisual_LightHaptic,5,YES,
P20,16,LightVisual_MediumHaptic,4,NO,
P20,17,MediumVisual_MediumHaptic,7,YES,
P20,18,HeavyVisual_MediumHaptic,5,NO,
P20,19,LightVisual_HeavyHaptic,3,NO,
P20,20,LightVisual_LightHaptic,7,YES,
P20,21,MediumVisual_LightHaptic,4,YES,
P20,22,HeavyVisual_LightHaptic,2,NO,
P20,23,HeavyVisual_MediumHaptic,4,NO,
P20,24,LightVisual_MediumHaptic,2,NO,
P20,25,HeavyVisual_HeavyHaptic,5,YES,
P20,26,MediumVisual_HeavyHaptic,5,YES,
P20,27,MediumVisual_MediumHaptic,7,YES,
P20,28,LightVisual_MediumHaptic,4,NO,
P20,29,LightVisual_LightHaptic,7,YES,
P20,30,LightVisual_HeavyHaptic,3,NO,
P20,31,HeavyVisual_LightHaptic,3,NO,
P20,32,MediumVisual_MediumHaptic,6,NO,
P20,33,HeavyVisual_HeavyHaptic,5,YES,
P20,34,MediumVisual_LightHaptic,4,NO,
P20,35,MediumVisual_HeavyHaptic,4,NO,
P20,36,HeavyVisual_MediumHaptic,5,NO,
P21,1,HeavyVisual_HeavyHaptic,7,YES,
P21,2,LightVisual_HeavyHaptic,2,NO,
P21,3,MediumVisual_MediumHaptic,6,YES,
P21,4,HeavyVisual_MediumHaptic,4,NO,
P21,5,MediumVisual_LightHaptic,4,YES,
P21,6,MediumVisual_HeavyHaptic,3,NO,
P21,7,HeavyVisual_LightHaptic,2,NO,
P21,8,LightVisual_LightHaptic,6,YES,
P21,9,LightVisual_MediumHaptic,4,NO,
P21,10,HeavyVisual_MediumHaptic,5,NO,
P21,11,LightVisual_HeavyHaptic,2,NO,
P21,12,HeavyVisual_LightHaptic,3,NO,
P21,13,MediumVisual_HeavyHaptic,4,NO,
P21,14,MediumVisual_LightHaptic,4,NO,
P21,15,LightVisual_LightHaptic,6,YES,
P21,16,MediumVisual_MediumHaptic,6,YES,
P21,17,HeavyVisual_HeavyHaptic,7,YES,
P21,18,LightVisual_MediumHaptic,5,NO,
P21,19,LightVisual_HeavyHaptic,2,NO,
P21,20,MediumVisual_HeavyHaptic,4,NO,
P21,21,MediumVisual_LightHaptic,4,NO,
P21,22,LightVisual_LightHaptic,6,YES,
P21,23,HeavyVisual_HeavyHaptic,6,YES,
P21,24,MediumVisual_MediumHaptic,6,YES,
P21,25,LightVisual_MediumHaptic,3,NO,
P21,26,HeavyVisual_MediumHaptic,6,NO,
P21,27,HeavyVisual_LightHaptic,2,NO,
P21,28,HeavyVisual_MediumHaptic,3,NO,
P21,29,LightVisual_LightHaptic,6,YES,
P21,30,HeavyVisual_HeavyHaptic,5,YES,
P21,31,LightVisual_MediumHaptic,4,NO,
P21,32,LightVisual_HeavyHaptic,2,NO,
P21,33,HeavyVisual_LightHaptic,2,NO,
P21,34,MediumVisual_MediumHaptic,6,YES,
P21,35,MediumVisual_HeavyHaptic,4,NO,
P21,36,MediumVisual_LightHaptic,3,NO,
P22,1,HeavyVisual_MediumHaptic,5,NO,
P22,2,MediumVisual_MediumHaptic,7,YES,
P22,3,HeavyVisual_LightHaptic,1,NO,
P22,4,LightVisual_MediumHaptic,4,YES,
P22,5,LightVisual_LightHaptic,7,YES,
P22,6,HeavyVisual_HeavyHaptic,5,YES,
P22,7,LightVisual_HeavyHaptic,1,NO,
P22,8,MediumVisual_HeavyHaptic,5,NO,
P22,9,MediumVisual_LightHaptic,5,NO,
P22,10,LightVisual_HeavyHaptic,2,NO,
P22,11,HeavyVisual_HeavyHaptic,6,YES,
P22,12,LightVisual_MediumHaptic,3,NO,
P22,13,MediumVisual_LightHaptic,5,YES,
P22,14,MediumVisual_HeavyHaptic,4,NO,
P22,15,HeavyVisual_LightHaptic,2,YES,
P22,16,HeavyVisual_MediumHaptic,6,NO,
P22,17,MediumVisual_MediumHaptic,6,YES,
P22,18,LightVisual_LightHaptic,5,YES,
P22,19,LightVisual_LightHaptic,6,YES,
P22,20,LightVisual_HeavyHaptic,2,NO,
P22,21,HeavyVisual_MediumHaptic,4,NO,
P22,22,HeavyVisual_LightHaptic,2,NO,
P22,23,MediumVisual_MediumHaptic,5,NO,
P22,24,HeavyVisual_HeavyHaptic,6,YES,
P22,25,LightVisual_MediumHaptic,3,NO,
P22,26,MediumVisual_HeavyHaptic,3,NO,
P22,27,MediumVisual_LightHaptic,4,NO,
P22,28,LightVisual_HeavyHaptic,2,NO,
P22,29,LightVisual_MediumHaptic,4,NO,
P22,30,LightVisual_LightHaptic,6,YES,
P22,31,HeavyVisual_HeavyHaptic,5,YES,
P22,32,MediumVisual_LightHaptic,4,NO,
P22,33,HeavyVisual_LightHaptic,3,YES,
P22,34,MediumVisual_HeavyHaptic,4,NO,
P22,35,HeavyVisual_MediumHaptic,5,NO,
P22,36,MediumVisual_MediumHaptic,5,YES,
P23,1,LightVisual_HeavyHaptic,2,NO,
P23,2,MediumVisual_HeavyHaptic,4,NO,
P23,3,MediumVisual_LightHaptic,4,NO,
P23,4,HeavyVisual_HeavyHaptic,7,YES,
P23,5,LightVisual_LightHaptic,7,YES,
P23,6,HeavyVisual_LightHaptic,3,NO,
P23,7,HeavyVisual_MediumHaptic,4,NO,
P23,8,MediumVisual_MediumHaptic,6,YES,
P23,9,LightVisual_MediumHaptic,4,NO,
P23,10,HeavyVisual_MediumHaptic,5,NO,
P23,11,MediumVisual_MediumHaptic,6,YES,
P23,12,LightVisual_MediumHaptic,4,NO,
P23,13,LightVisual_LightHaptic,7,YES,
P23,14,HeavyVisual_HeavyHaptic,7,YES,
P23,15,MediumVisual_HeavyHaptic,4,NO,
P23,16,HeavyVisual_LightHaptic,2,NO,
P23,17,LightVisual_HeavyHaptic,2,NO,
P23,18,MediumVisual_LightHaptic,4,NO,
P23,19,LightVisual_MediumHaptic,3,NO,
P23,20,LightVisual_LightHaptic,5,YES,
P23,21,HeavyVisual_MediumHaptic,3,NO,
P23,22,HeavyVisual_HeavyHaptic,7,YES,
P23,23,LightVisual_HeavyHaptic,3,NO,
P23,24,MediumVisual_MediumHaptic,6,YES,
P23,25,MediumVisual_HeavyHaptic,4,NO,
P23,26,HeavyVisual_LightHaptic,2,NO,
P23,27,MediumVisual_LightHaptic,4,NO,
P23,28,LightVisual_HeavyHaptic,2,NO,
P23,29,MediumVisual_MediumHaptic,5,YES,
P23,30,HeavyVisual_MediumHaptic,5,NO,
P23,31,HeavyVisual_HeavyHaptic,5,YES,
P23,32,MediumVisual_LightHaptic,3,YES,
P23,33,HeavyVisual_LightHaptic,1,NO,
P23,34,LightVisual_LightHaptic,7,YES,
P23,35,MediumVisual_HeavyHaptic,3,NO,
P23,36,LightVisual_MediumHaptic,4,NO,
P24,1,HeavyVisual_LightHaptic,3,NO,
P24,2,LightVisual_LightHaptic,5,YES,
P24,3,MediumVisual_HeavyHaptic,4,NO,
P24,4,MediumVisual_LightHaptic,4,NO,
P24,5,LightVisual_MediumHaptic,4,NO,
P24,6,HeavyVisual_MediumHaptic,4,NO,
P24,7,HeavyVisual_HeavyHaptic,6,YES,
P24,8,MediumVisual_MediumHaptic,7,YES,
P24,9,LightVisual_HeavyHaptic,1,NO,
P24,10,LightVisual_LightHaptic,6,YES,
P24,11,HeavyVisual_HeavyHaptic,5,YES,
P24,12,MediumVisual_MediumHaptic,6,YES,
P24,13,LightVisual_MediumHaptic,4,NO,
P24,14,MediumVisual_LightHaptic,4,YES,
P24,15,HeavyVisual_MediumHaptic,5,NO,
P24,16,LightVisual_HeavyHaptic,2,NO,
P24,17,MediumVisual_HeavyHaptic,5,YES,
P24,18,HeavyVisual_LightHaptic,2,NO,
P24,19,MediumVisual_LightHaptic,3,NO,
P24,20,MediumVisual_HeavyHaptic,4,NO,
P24,21,HeavyVisual_MediumHaptic,3,NO,
P24,22,LightVisual_MediumHaptic,4,NO,
P24,23,HeavyVisual_HeavyHaptic,5,YES,
P24,24,LightVisual_LightHaptic,6,YES,
P24,25,LightVisual_HeavyHaptic,1,NO,
P24,26,HeavyVisual_LightHaptic,3,NO,
P24,27,MediumVisual_MediumHaptic,6,YES,
P24,28,LightVisual_HeavyHaptic,2,NO,
P24,29,HeavyVisual_MediumHaptic,3,NO,
P24,30,MediumVisual_MediumHaptic,6,YES,
P24,31,HeavyVisual_LightHaptic,2,NO,
P24,32,LightVisual_MediumHaptic,4,YES,
P24,33,MediumVisual_LightHaptic,5,NO,
P24,34,MediumVisual_HeavyHaptic,3,NO,
P24,35,LightVisual_LightHaptic,6,YES,
P24,36,HeavyVisual_HeavyHaptic,6,YES,
P25,1,HeavyVisual_LightHaptic,2,YES,
P25,2,HeavyVisual_HeavyHaptic,5,YES,
P25,3,MediumVisual_HeavyHaptic,4,NO,
P25,4,HeavyVisual_HeavyHaptic,7,YES,
P25,5,HeavyVisual_MediumHaptic,3,NO,
P25,6,MediumVisual_MediumHaptic,6,YES,
P25,7,MediumVisual_LightHaptic,4,YES,
P25,8,MediumVisual_HeavyHaptic,3,NO,
P25,9,MediumVisual_LightHaptic,3,NO,
P25,10,MediumVisual_MediumHaptic,6,YES,
P25,11,LightVisual_MediumHaptic,3,NO,
P25,12,LightVisual_LightHaptic,6,YES,
P25,13,LightVisual_HeavyHaptic,3,NO,
P25,14,HeavyVisual_LightHaptic,1,NO,
P25,15,LightVisual_HeavyHaptic,1,NO,
P25,16,MediumVisual_LightHaptic,4,YES,
P25,17,LightVisual_LightHaptic,7,YES,
P25,18,LightVisual_MediumHaptic,5,NO,
P25,19,LightVisual_LightHaptic,5,NO,
P25,20,MediumVisual_HeavyHaptic,6,NO,
P25,21,HeavyVisual_LightHaptic,2,NO,
P25,22,MediumVisual_LightHaptic,6,NO,
P25,23,HeavyVisual_MediumHaptic,3,NO,
P25,24,HeavyVisual_LightHaptic,4,NO,
P25,25,LightVisual_MediumHaptic,3,YES,
P25,26,LightVisual_MediumHaptic,4,YES,
P25,27,MediumVisual_MediumHaptic,7,YES,
P25,28,LightVisual_LightHaptic,7,YES,
P25,29,MediumVisual_MediumHaptic,6,NO,
P25,30,HeavyVisual_HeavyHaptic,6,NO,
P25,31,LightVisual_HeavyHaptic,1,NO,
P25,32,HeavyVisual_HeavyHaptic,7,YES,
P25,33,HeavyVisual_MediumHaptic,5,YES,
P25,34,LightVisual_HeavyHaptic,2,NO,
P25,35,MediumVisual_HeavyHaptic,3,NO,
P25,36,HeavyVisual_MediumHaptic,4,NO,
P26,1,HeavyVisual_LightHaptic,1,NO,
P26,2,MediumVisual_HeavyHaptic,2,NO,
P26,3,LightVisual_MediumHaptic,5,NO,
P26,4,HeavyVisual_LightHaptic,2,NO,
P26,5,HeavyVisual_MediumHaptic,3,NO,
P26,6,LightVisual_HeavyHaptic,4,NO,
P26,7,HeavyVisual_MediumHaptic,5,NO,
P26,8,MediumVisual_HeavyHaptic,3,NO,
P26,9,LightVisual_LightHaptic,7,YES,
P26,10,LightVisual_MediumHaptic,2,YES,
P26,11,HeavyVisual_HeavyHaptic,6,YES,
P26,12,MediumVisual_LightHaptic,4,NO,
P26,13,MediumVisual_MediumHaptic,7,NO,
P26,14,HeavyVisual_MediumHaptic,3,NO,
P26,15,MediumVisual_LightHaptic,5,YES,
P26,16,HeavyVisual_LightHaptic,1,NO,
P26,17,MediumVisual_MediumHaptic,7,YES,
P26,18,LightVisual_LightHaptic,6,YES,
P26,19,HeavyVisual_HeavyHaptic,5,YES,
P26,20,MediumVisual_MediumHaptic,7,YES,
P26,21,MediumVisual_HeavyHaptic,4,NO,
P26,22,LightVisual_HeavyHaptic,1,NO,
P26,23,MediumVisual_LightHaptic,5,YES,
P26,24,HeavyVisual_HeavyHaptic,6,YES,
P26,25,LightVisual_HeavyHaptic,3,NO,
P26,26,MediumVisual_LightHaptic,5,NO,
P26,27,LightVisual_LightHaptic,7,YES,
P26,28,LightVisual_LightHaptic,6,YES,
P26,29,LightVisual_MediumHaptic,5,NO,
P26,30,LightVisual_MediumHaptic,5,NO,
P26,31,HeavyVisual_MediumHaptic,5,YES,
P26,32,MediumVisual_HeavyHaptic,3,NO,
P26,33,MediumVisual_MediumHaptic,5,YES,
P26,34,HeavyVisual_LightHaptic,1,NO,
P26,35,HeavyVisual_HeavyHaptic,6,YES,
P26,36,LightVisual_HeavyHaptic,3,NO,
P27,1,MediumVisual_LightHaptic,5,NO,
P27,2,MediumVisual_MediumHaptic,5,YES,
P27,3,MediumVisual_HeavyHaptic,3,NO,
P27,4,MediumVisual_HeavyHaptic,5,NO,
P27,5,HeavyVisual_LightHaptic,3,NO,
P27,6,LightVisual_HeavyHaptic,2,NO,
P27,7,HeavyVisual_HeavyHaptic,7,YES,
P27,8,HeavyVisual_LightHaptic,3,NO,
P27,9,LightVisual_MediumHaptic,4,NO,
P27,10,HeavyVisual_MediumHaptic,4,NO,
P27,11,MediumVisual_MediumHaptic,7,YES,
P27,12,LightVisual_HeavyHaptic,2,NO,
P27,13,HeavyVisual_MediumHaptic,3,NO,
P27,14,LightVisual_LightHaptic,7,YES,
P27,15,MediumVisual_LightHaptic,5,YES,
P27,16,MediumVisual_LightHaptic,4,YES,
P27,17,HeavyVisual_MediumHaptic,4,NO,
P27,18,LightVisual_HeavyHaptic,3,NO,
P27,19,LightVisual_HeavyHaptic,2,NO,
P27,20,LightVisual_LightHaptic,5,YES,
P27,21,LightVisual_MediumHaptic,4,NO,
P27,22,HeavyVisual_HeavyHaptic,6,YES,
P27,23,HeavyVisual_LightHaptic,1,NO,
P27,24,HeavyVisual_HeavyHaptic,7,YES,
P27,25,MediumVisual_HeavyHaptic,3,YES,
P27,26,MediumVisual_LightHaptic,4,NO,
P27,27,MediumVisual_MediumHaptic,5,YES,
P27,28,MediumVisual_MediumHaptic,5,YES,
P27,29,LightVisual_MediumHaptic,2,NO,
P27,30,LightVisual_LightHaptic,5,YES,
P27,31,LightVisual_MediumHaptic,4,NO,
P27,32,LightVisual_LightHaptic,7,NO,
P27,33,HeavyVisual_HeavyHaptic,7,YES,
P27,34,HeavyVisual_LightHaptic,2,NO,
P27,35,HeavyVisual_MediumHaptic,3,YES,
P27,36,MediumVisual_HeavyHaptic,3,NO,
P28,1,LightVisual_MediumHaptic,4,NO,
P28,2,MediumVisual_MediumHaptic,7,YES,
P28,3,HeavyVisual_MediumHaptic,4,NO,
P28,4,LightVisual_HeavyHaptic,2,NO,
P28,5,HeavyVisual_LightHaptic,1,NO,
P28,6,HeavyVisual_HeavyHaptic,4,NO,
P28,7,LightVisual_HeavyHaptic,3,NO,
P28,8,LightVisual_LightHaptic,7,YES,
P28,9,HeavyVisual_LightHaptic,2,NO,
P28,10,MediumVisual_MediumHaptic,5,NO,
P28,11,MediumVisual_LightHaptic,4,NO,
P28,12,HeavyVisual_HeavyHaptic,7,YES,
P28,13,HeavyVisual_HeavyHaptic,6,YES,
P28,14,HeavyVisual_MediumHaptic,3,NO,
P28,15,LightVisual_LightHaptic,7,NO,
P28,16,MediumVisual_HeavyHaptic,3,NO,
P28,17,LightVisual_MediumHaptic,3,YES,
P28,18,LightVisual_MediumHaptic,4,NO,
P28,19,MediumVisual_LightHaptic,5,YES,
P28,20,HeavyVisual_MediumHaptic,5,NO,
P28,21,MediumVisual_LightHaptic,4,NO,
P28,22,MediumVisual_HeavyHaptic,6,NO,
P28,23,MediumVisual_HeavyHaptic,5,YES,
P28,24,HeavyVisual_MediumHaptic,3,NO,
P28,25,LightVisual_LightHaptic,7,YES,
P28,26,LightVisual_HeavyHaptic,2,NO,
P28,27,MediumVisual_MediumHaptic,5,YES,
P28,28,LightVisual_MediumHaptic,4,NO,
P28,29,HeavyVisual_HeavyHaptic,5,YES,
P28,30,MediumVisual_LightHaptic,5,NO,
P28,31,MediumVisual_MediumHaptic,6,NO,
P28,32,LightVisual_LightHaptic,7,YES,
P28,33,HeavyVisual_LightHaptic,1,NO,
P28,34,LightVisual_HeavyHaptic,1,NO,
P28,35,HeavyVisual_LightHaptic,2,YES,
P28,36,MediumVisual_HeavyHaptic,5,YES,
P29,1,MediumVisual_LightHaptic,3,NO,
P29,2,HeavyVisual_HeavyHaptic,7,YES,
P29,3,LightVisual_LightHaptic,7,YES,
P29,4,HeavyVisual_MediumHaptic,3,NO,
P29,5,LightVisual_HeavyHaptic,3,NO,
P29,6,LightVisual_HeavyHaptic,3,NO,
P29,7,LightVisual_HeavyHaptic,3,NO,
P29,8,MediumVisual_MediumHaptic,6,YES,
P29,9,HeavyVisual_HeavyHaptic,7,YES,
P29,10,HeavyVisual_LightHaptic,3,NO,
P29,11,MediumVisual_HeavyHaptic,2,NO,
P29,12,LightVisual_MediumHaptic,4,NO,
P29,13,HeavyVisual_HeavyHaptic,6,YES,
P29,14,LightVisual_LightHaptic,5,YES,
P29,15,HeavyVisual_LightHaptic,2,NO,
P29,16,LightVisual_LightHaptic,6,YES,
P29,17,HeavyVisual_MediumHaptic,4,YES,
P29,18,HeavyVisual_MediumHaptic,5,NO,
P29,19,MediumVisual_MediumHaptic,5,YES,
P29,20,LightVisual_HeavyHaptic,1,NO,
P29,21,MediumVisual_HeavyHaptic,4,NO,
P29,22,LightVisual_LightHaptic,7,YES,
P29,23,MediumVisual_HeavyHaptic,4,NO,
P29,24,LightVisual_MediumHaptic,5,NO,
P29,25,MediumVisual_LightHaptic,5,NO,
P29,26,MediumVisual_MediumHaptic,7,YES,
P29,27,MediumVisual_LightHaptic,6,NO,
P29,28,MediumVisual_HeavyHaptic,5,NO,
P29,29,MediumVisual_MediumHaptic,5,YES,
P29,30,LightVisual_MediumHaptic,3,NO,
P29,31,LightVisual_MediumHaptic,3,NO,
P29,32,HeavyVisual_MediumHaptic,2,NO,
P29,33,HeavyVisual_LightHaptic,2,NO,
P29,34,MediumVisual_LightHaptic,4,NO,
P29,35,HeavyVisual_HeavyHaptic,7,YES,
P29,36,HeavyVisual_LightHaptic,2,NO,
P30,1,MediumVisual_HeavyHaptic,2,NO,
P30,2,HeavyVisual_MediumHaptic,2,NO,
P30,3,LightVisual_LightHaptic,7,YES,
P30,4,LightVisual_MediumHaptic,3,NO,
P30,5,HeavyVisual_HeavyHaptic,7,NO,
P30,6,HeavyVisual_LightHaptic,2,NO,
P30,7,MediumVisual_MediumHaptic,6,NO,
P30,8,HeavyVisual_LightHaptic,2,NO,
P30,9,MediumVisual_MediumHaptic,7,YES,
P30,10,HeavyVisual_MediumHaptic,4,NO,
P30,11,MediumVisual_HeavyHaptic,4,YES,
P30,12,LightVisual_LightHaptic,5,YES,
P30,13,LightVisual_HeavyHaptic,2,NO,
P30,14,MediumVisual_MediumHaptic,6,YES,
P30,15,MediumVisual_LightHaptic,6,NO,
P30,16,LightVisual_HeavyHaptic,3,NO,
P30,17,MediumVisual_HeavyHaptic,4,NO,
P30,18,HeavyVisual_LightHaptic,3,NO,
P30,19,LightVisual_MediumHaptic,3,YES,
P30,20,HeavyVisual_MediumHaptic,6,NO,
P30,21,LightVisual_LightHaptic,6,YES,
P30,22,LightVisual_MediumHaptic,2,NO,
P30,23,LightVisual_HeavyHaptic,1,YES,
P30,24,MediumVisual_LightHaptic,4,YES,
P30,25,MediumVisual_MediumHaptic,6,YES,
P30,26,HeavyVisual_HeavyHaptic,7,YES,
P30,27,HeavyVisual_HeavyHaptic,5,YES,
P30,28,MediumVisual_HeavyHaptic,2,YES,
P30,29,MediumVisual_LightHaptic,3,NO,
P30,30,MediumVisual_LightHaptic,3,NO,
P30,31,HeavyVisual_LightHaptic,1,NO,
P30,32,LightVisual_MediumHaptic,5,NO,
P30,33,LightVisual_HeavyHaptic,3,NO,
P30,34,HeavyVisual_HeavyHaptic,7,YES,
P30,35,LightVisual_LightHaptic,5,YES,
P30,36,HeavyVisual_MediumHaptic,4,YES,
